{
    "tripod_arm_mount.stl": {
        "notes": [],
        "hash": "18596d13cb8ba99e6992eb0bda760710172d7565",
        "links": []
    },
    "tripod_arm_mount.gco": {
        "notes": [],
        "hash": "2c06c3438f00c87851431042125f2203107d40b0",
        "analysis": {
            "estimatedPrintTime": 3163.343856945871,
            "printingArea": {
                "maxZ": 21.1,
                "minX": 61.098,
                "maxX": 123.1,
                "maxY": 118.3,
                "minY": 66.699,
                "minZ": 0.3
            },
            "dimensions": {
                "width": 62.001999999999995,
                "depth": 51.601,
                "height": 20.8
            },
            "filament": {
                "tool0": {
                    "volume": 7.05943329677575,
                    "length": 2934.9713100000017
                }
            }
        },
        "links": []
    },
    "tripod_backlegB.stl": {
        "notes": [],
        "hash": "ede4582a6f2df92a8e1ef6668398491b29edd617",
        "links": []
    },
    "tripod_backlegA.gco": {
        "notes": [],
        "hash": "03165c4af8df3d2e9a256f0059c9dded7676404a",
        "analysis": {
            "estimatedPrintTime": 2050.6041260195702,
            "printingArea": {
                "maxZ": 7.1,
                "minX": 35.3,
                "maxX": 149.544,
                "maxY": 115.3,
                "minY": 69.7,
                "minZ": 0.3
            },
            "dimensions": {
                "width": 114.24400000000001,
                "depth": 45.599999999999994,
                "height": 6.8
            },
            "filament": {
                "tool0": {
                    "volume": 4.376792980486747,
                    "length": 1819.6590700000006
                }
            }
        },
        "links": []
    },
    "tripod_nob.stl": {
        "notes": [],
        "hash": "3c0890f62e2294838a629f5c82cb15b1aabd9ae7",
        "links": []
    },
    "tripod_backlegB.gco": {
        "notes": [],
        "hash": "f99d39263128af8fd254938b4725d08010f2eb5b",
        "analysis": {
            "estimatedPrintTime": 2054.3624229089687,
            "printingArea": {
                "maxZ": 7.1,
                "minX": 35.3,
                "maxX": 149.4,
                "maxY": 115.3,
                "minY": 69.7,
                "minZ": 0.3
            },
            "dimensions": {
                "width": 114.10000000000001,
                "depth": 45.599999999999994,
                "height": 6.8
            },
            "filament": {
                "tool0": {
                    "volume": 4.363922124748898,
                    "length": 1814.307989999997
                }
            }
        },
        "links": []
    },
    "tripod_backlegA.stl": {
        "notes": [],
        "hash": "3df23a2cc7aff85e2ec8620193b975261b5bcb88",
        "links": []
    },
    "tripod_arm_conn.gco": {
        "notes": [],
        "hash": "509eef5695516a6bdc9281767a0ec003cb2646cc",
        "analysis": {
            "estimatedPrintTime": 2390.5198849684407,
            "printingArea": {
                "maxZ": 15.5,
                "minX": 56.5,
                "maxX": 128.5,
                "maxY": 120.3,
                "minY": 64.7,
                "minZ": 0.3
            },
            "dimensions": {
                "width": 72.0,
                "depth": 55.599999999999994,
                "height": 15.2
            },
            "filament": {
                "tool0": {
                    "volume": 5.259853135211094,
                    "length": 2186.7928199999974
                }
            }
        },
        "links": []
    },
    "tripod_arm_conn.stl": {
        "notes": [],
        "hash": "8f61de8454ee222f39b5fe1b2b45a8b294eb5b02",
        "links": []
    },
    "tripod_frontleg.gco": {
        "notes": [],
        "hash": "48a695025a585b107c6260940292e6c06c76a500",
        "analysis": {
            "estimatedPrintTime": 1967.223725311655,
            "printingArea": {
                "maxZ": 10.9,
                "minX": 30.7,
                "maxX": 154.3,
                "maxY": 115.3,
                "minY": 69.7,
                "minZ": 0.3
            },
            "dimensions": {
                "width": 123.60000000000001,
                "depth": 45.599999999999994,
                "height": 10.6
            },
            "filament": {
                "tool0": {
                    "volume": 4.133011601104153,
                    "length": 1718.3065499999993
                }
            }
        },
        "links": []
    },
    "tripod_nob.gco": {
        "notes": [],
        "hash": "8feaeb4e120f99e4e04ff19c3dd861e68522342c",
        "analysis": {
            "estimatedPrintTime": 514.3996044452593,
            "printingArea": {
                "maxZ": 5.1,
                "minX": 70.344,
                "maxX": 114.742,
                "maxY": 110.389,
                "minY": 74.653,
                "minZ": 0.3
            },
            "dimensions": {
                "width": 44.39800000000001,
                "depth": 35.73599999999999,
                "height": 4.8
            },
            "filament": {
                "tool0": {
                    "volume": 1.2220422058903646,
                    "length": 508.0661100000006
                }
            }
        },
        "links": []
    },
    "tripod_frontleg.stl": {
        "notes": [],
        "hash": "654bc7137dd722b3432803f67d09685cc4ab2aa2",
        "links": []
    },
    "tripod_legconn.stl": {
        "notes": [],
        "hash": "28fc96fe50f7e583cea550eb7b4d0ca6355f3a85",
        "links": []
    },
    "tripod_legconn.gco": {
        "notes": [],
        "hash": "97e6f37a97b866e5d56f200c51251527ec3187f3",
        "analysis": {
            "estimatedPrintTime": 1091.4970039931475,
            "printingArea": {
                "maxZ": 11.1,
                "minX": 66.2,
                "maxX": 118.8,
                "maxY": 111.3,
                "minY": 73.7,
                "minZ": 0.3
            },
            "dimensions": {
                "width": 52.599999999999994,
                "depth": 37.599999999999994,
                "height": 10.799999999999999
            },
            "filament": {
                "tool0": {
                    "volume": 2.4945823907477336,
                    "length": 1037.1268399999994
                }
            }
        },
        "links": []
    }
}