{
    "PI_Disc.gco": {
        "notes": [],
        "hash": "f9f6c0d88ab745ca2fe7956a70849d159a57c1d0",
        "analysis": {
            "estimatedPrintTime": 28647.10157433778,
            "printingArea": {
                "maxZ": 40.05,
                "minX": 52.145,
                "maxX": 132.736,
                "maxY": 132.601,
                "minY": 50.383,
                "minZ": 0.3
            },
            "dimensions": {
                "width": 80.59099999999998,
                "depth": 82.21799999999999,
                "height": 39.75
            },
            "filament": {
                "tool0": {
                    "volume": 0.0,
                    "length": 25028.97152998052
                }
            }
        },
        "links": []
    },
    "PI_Tower_Header.gco": {
        "notes": [],
        "hash": "a3114fcca1aae2b50629a8d55c3981774afd422c",
        "analysis": {
            "estimatedPrintTime": 23169.188698192866,
            "printingArea": {
                "maxZ": 52.5,
                "minX": 58.449,
                "maxX": 126.551,
                "maxY": 126.551,
                "minY": 58.449,
                "minZ": 0.3
            },
            "dimensions": {
                "width": 68.102,
                "depth": 68.102,
                "height": 52.2
            },
            "filament": {
                "tool0": {
                    "volume": 0.0,
                    "length": 21243.102360000015
                }
            }
        },
        "links": []
    },
    "PI_Generator_Cog_Driven.gco": {
        "notes": [],
        "hash": "2810f169a3da1387edd6805a01546e434b0316d9",
        "analysis": {
            "estimatedPrintTime": 1724.39153280676,
            "printingArea": {
                "maxZ": 13.65,
                "minX": 75.991,
                "maxX": 109.009,
                "maxY": 109.009,
                "minY": 75.991,
                "minZ": 0.3
            },
            "dimensions": {
                "width": 33.018,
                "depth": 33.018,
                "height": 13.35
            },
            "filament": {
                "tool0": {
                    "volume": 0.0,
                    "length": 1462.2775000000008
                }
            }
        },
        "links": []
    },
    "PI_Tower_Setting_Spacer.gco": {
        "notes": [],
        "hash": "ef72fbe6306862810120fdcf8e7b64e6f0c9b577",
        "analysis": {
            "estimatedPrintTime": 296.23545391083053,
            "printingArea": {
                "maxZ": 1.35,
                "minX": 72.22,
                "maxX": 112.783,
                "maxY": 112.754,
                "minY": 72.246,
                "minZ": 0.3
            },
            "dimensions": {
                "width": 40.563,
                "depth": 40.50800000000001,
                "height": 1.05
            },
            "filament": {
                "tool0": {
                    "volume": 0.0,
                    "length": 267.4390300000001
                }
            }
        },
        "links": []
    },
    "PI_Piston.gco": {
        "notes": [],
        "hash": "67e6ec58ae454175a189f15e342cbc9348f146a8",
        "analysis": {
            "estimatedPrintTime": 4335.1108430857375,
            "printingArea": {
                "maxZ": 37.95,
                "minX": 67.475,
                "maxX": 117.536,
                "maxY": 114.916,
                "minY": 70.129,
                "minZ": 0.3
            },
            "dimensions": {
                "width": 50.06100000000001,
                "depth": 44.78699999999999,
                "height": 37.650000000000006
            },
            "filament": {
                "tool0": {
                    "volume": 0.0,
                    "length": 3739.9505800000024
                }
            }
        },
        "links": []
    },
    "PI_Structure_Rear.gco": {
        "notes": [],
        "hash": "fa271eccdb85cded89a6be4c640a20532c048be1",
        "analysis": {
            "estimatedPrintTime": 5886.709823471992,
            "printingArea": {
                "maxZ": 10.8,
                "minX": 50.711,
                "maxX": 134.289,
                "maxY": 127.774,
                "minY": 57.209,
                "minZ": 0.3
            },
            "dimensions": {
                "width": 83.57799999999999,
                "depth": 70.565,
                "height": 10.5
            },
            "filament": {
                "tool0": {
                    "volume": 0.0,
                    "length": 5329.537600000033
                }
            }
        },
        "links": []
    },
    "PI_Piston_Cover.gco": {
        "notes": [],
        "hash": "7987094ac18ca5a548b479c06edcf0ef7acfa95c",
        "analysis": {
            "estimatedPrintTime": 1795.0225625606088,
            "printingArea": {
                "maxZ": 34.95,
                "minX": 78.822,
                "maxX": 106.187,
                "maxY": 106.181,
                "minY": 78.825,
                "minZ": 0.3
            },
            "dimensions": {
                "width": 27.364999999999995,
                "depth": 27.355999999999995,
                "height": 34.650000000000006
            },
            "filament": {
                "tool0": {
                    "volume": 0.0,
                    "length": 1639.4305999999997
                }
            }
        },
        "links": []
    },
    "PI_Structure.gco": {
        "notes": [],
        "hash": "553871e93258a814bc05f8620e5c535ae75dbd02",
        "analysis": {
            "estimatedPrintTime": 52845.18539260126,
            "printingArea": {
                "maxZ": 56.85,
                "minX": 46.572,
                "maxX": 138.681,
                "maxY": 143.791,
                "minY": 45.199,
                "minZ": 0.3
            },
            "dimensions": {
                "width": 92.10900000000001,
                "depth": 98.592,
                "height": 56.550000000000004
            },
            "filament": {
                "tool0": {
                    "volume": 0.0,
                    "length": 46069.01211003887
                }
            }
        },
        "links": []
    },
    "PI_Stepper_Motor_Bracket.gco": {
        "notes": [],
        "hash": "517eed862339e81e83815dfbf732ad6036948dd3",
        "analysis": {
            "estimatedPrintTime": 1354.5544564604506,
            "printingArea": {
                "maxZ": 6.0,
                "minX": 66.583,
                "maxX": 118.417,
                "maxY": 110.424,
                "minY": 74.595,
                "minZ": 0.3
            },
            "dimensions": {
                "width": 51.834,
                "depth": 35.82900000000001,
                "height": 5.7
            },
            "filament": {
                "tool0": {
                    "volume": 0.0,
                    "length": 1098.9434100000005
                }
            }
        },
        "links": []
    },
    "PI_Generator_Cog_Driving.gco": {
        "notes": [],
        "hash": "03f330b4b03d89731771eb83b4d55a6e17c9dd34",
        "analysis": {
            "estimatedPrintTime": 5887.480524943694,
            "printingArea": {
                "maxZ": 13.95,
                "minX": 63.73,
                "maxX": 121.27,
                "maxY": 121.27,
                "minY": 63.73,
                "minZ": 0.3
            },
            "dimensions": {
                "width": 57.54,
                "depth": 57.54,
                "height": 13.649999999999999
            },
            "filament": {
                "tool0": {
                    "volume": 0.0,
                    "length": 5141.718360000041
                }
            }
        },
        "links": []
    },
    "PI_Nose_Cone.gco": {
        "notes": [],
        "hash": "811640613cf94202bdd0f48489910515a447bbc3",