{
    "chinesecloneE3DV6fanduct.gco": {
        "notes": [],
        "hash": "56ecd93f197e4ca74d738d3bf3448fbd15c4d061",
        "analysis": {
            "estimatedPrintTime": 3830.507490545449,
            "printingArea": {
                "maxZ": 52.3,
                "minX": 67.7,
                "maxX": 117.3,
                "maxY": 126.81,
                "minY": 63.272,
                "minZ": 0.3
            },
            "dimensions": {
                "width": 49.599999999999994,
                "depth": 63.538000000000004,
                "height": 52.0
            },
            "filament": {
                "tool0": {
                    "volume": 8.644722301972195,
                    "length": 3594.0578899999955
                }
            }
        },
        "links": []
    },
    "SpoolholderUni.gco": {
        "notes": [],
        "hash": "897816bd0e74bb8cbcc4d03b25abd9d8fe068420",
        "analysis": {
            "estimatedPrintTime": 2219.9748325807495,
            "printingArea": {
                "maxZ": 20.1,
                "minX": 59.634,
                "maxX": 125.371,
                "maxY": 121.524,
                "minY": 63.591,
                "minZ": 0.3
            },
            "dimensions": {
                "width": 65.737,
                "depth": 57.933,
                "height": 19.8
            },
            "filament": {
                "tool0": {
                    "volume": 5.7804710814694875,
                    "length": 2403.240609999995
                }
            }
        },
        "links": []
    },
    "Base_-_spoolholder.gcode": {
        "notes": [],
        "hash": "db65eb741e269e812302a5029e1f1ac6f4b21f18",
        "analysis": {
            "estimatedPrintTime": 2620.6664095720075,
            "printingArea": {
                "maxZ": 42.1,
                "minX": 41.405,
                "maxX": 143.608,
                "maxY": 139.797,
                "minY": 45.202,
                "minZ": 0.3
            },
            "dimensions": {
                "width": 102.203,
                "depth": 94.595,
                "height": 41.800000000000004
            },
            "filament": {
                "tool0": {
                    "volume": 5.461777703186632,
                    "length": 2270.7433000000033
                }
            }
        },
        "links": []
    },
    "e3d_Titan_extruder.gco": {
        "statistics": {
            "averagePrintTime": {},
            "lastPrintTime": {}
        },
        "hash": "3077978d03e9ade6512e13c1f59c2150043c8ce1",
        "links": [],
        "notes": [],
        "analysis": {
            "estimatedPrintTime": 10846.404176750992,
            "printingArea": {
                "maxZ": 23.7,
                "minX": 23.705,
                "maxX": 143.329,
                "maxY": 172.437,
                "minY": 36.732,
                "minZ": 0.3
            },
            "dimensions": {
                "width": 119.62400000000001,
                "depth": 135.705,
                "height": 23.4
            },
            "filament": {
                "tool0": {
                    "volume": 0.0,
                    "length": 11237.983209999116
                }
            }
        },
        "history": [
            {
                "timestamp": 1505346969.564749,
                "printerProfile": "_default",
                "success": false
            }
        ]
    },
    "PI_Titan_XCarriage_for_Prusa_i3.gco": {
        "notes": [],
        "hash": "320007fffc238fb3fb9fccb48052b6803b8f666f",
        "analysis": {
            "estimatedPrintTime": 10139.195168892724,
            "printingArea": {
                "maxZ": 14.1,
                "minX": 59.714,
                "maxX": 125.254,
                "maxY": 137.878,
                "minY": 47.122,
                "minZ": 0.3
            },
            "dimensions": {
                "width": 65.54,
                "depth": 90.75599999999999,
                "height": 13.799999999999999
            },
            "filament": {
                "tool0": {
                    "volume": 0.0,
                    "length": 11051.760640000262
                }
            }
        },
        "links": []
    },
    "Prusa_i3_XCarriage_Upgrade_Titan.gco": {
        "statistics": {
            "averagePrintTime": {},
            "lastPrintTime": {}
        },
        "hash": "b08382dbdf8df187bef4a977620b543d7074be08",
        "links": [],
        "notes": [],
        "analysis": {
            "estimatedPrintTime": 19995.390075133375,
            "printingArea": {
                "maxZ": 61.5,
                "minX": 49.25,
                "maxX": 155.28,
                "maxY": 169.938,
                "minY": 58.504,
                "minZ": 0.3
            },
            "dimensions": {
                "width": 106.03,
                "depth": 111.434,
                "height": 61.2
            },
            "filament": {
                "tool0": {
                    "volume": 0.0,
                    "length": 19901.536479992792
                }
            }
        },
        "history": [
            {
                "timestamp": 1505473017.948307,
                "printerProfile": "_default",
                "success": false
            }
        ]
    },
    "Top_-_spoolholder.gco": {
        "notes": [],
        "hash": "cf432c34bc2411634bdd4db4df6f768732c6ea60",
        "analysis": {
            "estimatedPrintTime": 3162.530998271187,
            "printingArea": {
                "maxZ": 37.1,
                "minX": 57.699,
                "maxX": 127.301,
                "maxY": 127.301,
                "minY": 57.699,
                "minZ": 0.3
            },
            "dimensions": {
                "width": 69.602,
                "depth": 69.602,
                "height": 36.800000000000004
            },
            "filament": {
                "tool0": {
                    "volume": 7.796865083086079,
                    "length": 3241.559820000002
                }
            }
        },
        "links": []
    }
}