{
    "PI_Arm_retainer.gcode": {
        "notes": [],
        "hash": "a503baee2442b1ab96cc750a9a80ffcf3938963f",
        "analysis": {
            "estimatedPrintTime": 261.6629992886833,
            "printingArea": {
                "maxZ": 4.05,
                "minX": 72.718,
                "maxX": 112.289,
                "maxY": 103.286,
                "minY": 81.727,
                "minZ": 0.3
            },
            "dimensions": {
                "width": 39.571,
                "depth": 21.558999999999997,
                "height": 3.75
            },
            "filament": {
                "tool0": {
                    "volume": 0.0,
                    "length": 202.84662999999966
                }
            }
        },
        "links": []
    },
    "PI_Adjuster.gcode": {
        "notes": [],
        "hash": "03a3ed96aa8cf1e1b7ec3d205626e3963e49e86e",
        "analysis": {
            "estimatedPrintTime": 843.2351318554909,
            "printingArea": {
                "maxZ": 4.95,
                "minX": 77.727,
                "maxX": 107.274,
                "maxY": 107.274,
                "minY": 77.72,
                "minZ": 0.3
            },
            "dimensions": {
                "width": 29.546999999999997,
                "depth": 29.554000000000002,
                "height": 4.65
            },
            "filament": {
                "tool0": {
                    "volume": 0.0,
                    "length": 577.4038099999997
                }
            }
        },
        "links": []
    },
    "PI_12t_stepper_gear.gcode": {
        "statistics": {
            "averagePrintTime": {
                "_default": 735.1961345672607
            },
            "lastPrintTime": {
                "_default": 814.0739350318909
            }
        },
        "hash": "65b3ee946d69b9b82378bd30e083eafa05805397",
        "links": [],
        "notes": [],
        "analysis": {
            "estimatedPrintTime": 330.59414021581296,
            "printingArea": {
                "maxZ": 4.95,
                "minX": 81.708,
                "maxX": 103.306,
                "maxY": 103.311,
                "minY": 81.733,
                "minZ": 0.3
            },
            "dimensions": {
                "width": 21.598,
                "depth": 21.578000000000003,
                "height": 4.65
            },
            "filament": {
                "tool0": {
                    "volume": 0.0,
                    "length": 151.69602000000026
                }
            }
        },
        "history": [
            {
                "timestamp": 1507474949.877134,
                "printTime": 656.3183341026306,
                "printerProfile": "_default",
                "success": true
            },
            {
                "timestamp": 1507475971.892649,
                "printTime": 814.0739350318909,
                "printerProfile": "_default",
                "success": true
            }
        ]
    },
    "Gearbox.stl": {
        "notes": [],
        "hash": "a66a7e4c927aed39dc9e0d57e7f2474d4efcdb60",
        "links": []
    },
    "PI_36t_spur_gear.gcode": {
        "notes": [],
        "hash": "c16fd600d0580c9c5117a57d2089f94c1fd641a1",
        "analysis": {
            "estimatedPrintTime": 1537.1745420996417,
            "printingArea": {
                "maxZ": 4.95,
                "minX": 69.957,
                "maxX": 115.043,
                "maxY": 114.984,
                "minY": 69.916,
                "minZ": 0.3
            },
            "dimensions": {
                "width": 45.08600000000001,
                "depth": 45.068,
                "height": 4.65
            },
            "filament": {
                "tool0": {
                    "volume": 0.0,
                    "length": 1056.4374499999994
                }
            }
        },
        "links": []
    },
    "Arm_retainer.stl": {
        "notes": [],
        "hash": "a3e9975b79b98c7442ffb368c516af327994d0c2",
        "links": []
    },
    "PI_Arm_bushing.gcode": {
        "notes": [],
        "hash": "af709bd6ed21238e3ab58326c8ad287c4c9d796e",
        "analysis": {
            "estimatedPrintTime": 577.460661444549,
            "printingArea": {
                "maxZ": 18.0,
                "minX": 83.015,
                "maxX": 101.509,
                "maxY": 101.527,
                "minY": 83.51,
                "minZ": 0.3
            },
            "dimensions": {
                "width": 18.494,
                "depth": 18.016999999999996,
                "height": 17.7
            },
            "filament": {
                "tool0": {
                    "volume": 0.0,
                    "length": 406.8879800000001
                }
            }
        },
        "links": []
    },
    "Arm.stl": {
        "notes": [],
        "hash": "3904570a0c38bd190805bf232a19c0c39de106f7",
        "links": []
    },
    "PI_Main_body_-_M5_Fittings.gcode": {
        "notes": [],
        "hash": "fe4e839ba4fc783e2f05000ca3c47b61d8a8df36",
        "analysis": {
            "estimatedPrintTime": 15047.722553435995,
            "printingArea": {
                "maxZ": 22.95,
                "minX": 54.707,
                "maxX": 132.451,
                "maxY": 118.294,
                "minY": 66.707,
                "minZ": 0.3
            },
            "dimensions": {
                "width": 77.744,
                "depth": 51.587,
                "height": 22.65
            },
            "filament": {
                "tool0": {
                    "volume": 0.0,
                    "length": 12722.285090004283
                }
            }
        },
        "links": []
    },
    "Top_Cover.stl": {
        "notes": [],
        "hash": "f94a69eebc0170b69ef992c6e1fd9406f1ad2607",
        "links": []
    },
    "Adjuster.stl": {
        "notes": [],
        "hash": "a5da44e2b7e4320926a399b900addcfde4248264",
        "links": []
    },
    "Main_body.stl": {
        "notes": [],
        "hash": "58b8bcd45f154a4732965c1de4813aead981c1b5",
        "links": []
    },
    "12t_stepper_gear.stl": {
        "notes": [],
        "hash": "9369178266e9d8cabac04e3626ea90b4d109082a",
        "links": []
    },
    "36t_spur_gear.stl": {
        "notes": [],
        "hash": "b80e8b8e4902be605ce16f3e710985ee23e80690",
        "links": []
    },
    "PI_Gearbox.gcode": {
        "notes": [],
        "hash": "b8249ecb0bf526744d25f6e79f7eabe62f002e90",
        "analysis": {
            "estimatedPrintTime": 6729.986004797709,
            "printingArea": {
                "maxZ": 12.0,
                "minX": 54.65,
                "maxX": 130.339,
                "maxY": 118.288,
                "minY": 66.708,
                "minZ": 0.3
            },
            "dimensions": {
                "width": 75.689,
                "depth": 51.58,
                "height": 11.7
            },
            "filament": {
                "tool0": {
                    "volume": 0.0,
                    "length": 5675.2135100002315
                }
            }
        },
        "links": []
    },
    "Arm_bushing.stl": {
        "notes": [],
        "hash": "0edf8c1b4b93c30d84b0eb72a23e894eda30a187",
        "links": []
    },
    "Main_body_-_M5_Fittings.stl": {
        "notes": [],
        "hash": "0aa07c7ee39600f28ad62826ee88430677f52b34",
        "links": []
    },
    "PI_Main_body.gcode": {
        "notes": [],
        "hash": "e53abc6d5d12309652bc1e991d13ecdce8e28c60",
        "analysis": {
            "estimatedPrintTime": 14905.620241467135,
            "printingArea": {
                "maxZ": 22.95,
                "minX": 54.715,
                "maxX": 132.115,
                "maxY": 118.294,
                "minY": 66.722,
                "minZ": 0.3
            },
            "dimensions": {
                "width": 77.4,
                "depth": 51.572,
                "height": 22.65
            },