{
    "MiniArrow.gco": {
        "notes": [],
        "hash": "65bf9c5deed19e831f465125baf15e41eac474df",
        "analysis": {
            "estimatedPrintTime": 34712.333194787585,
            "printingArea": {
                "maxZ": 37.2,
                "minX": 9.888,
                "maxX": 167.988,
                "maxY": 161.808,
                "minY": 22.617,
                "minZ": 0.3
            },
            "dimensions": {
                "width": 158.1,
                "depth": 139.191,
                "height": 36.900000000000006
            },
            "filament": {
                "tool0": {
                    "volume": 73.2712628562624,
                    "length": 30462.65122000914
                }
            }
        },
        "links": []
    }
}